1734872319;2517;[261,248,271,275,248,247,278,276,291,282,287,265,264,270,271,310,286,300,336,297,305,334,305,315,318,320,329,312,335,321,346,341,365,318,372,334,317,353,378,362,376,392,366,382,390,369,385,391,390,397,388,374,402,382,402,385,418,421,430,427,408,417,415,417,446,425,417,424,446,449,406,458,463,475,461,444,459,473,440,411,439,427,395,368,353,314,287,280,254,247,208,191,168,153,162,110,109,81,71,61,67,41,61,50,56,25,55,53,25,52,75,44,62,69,69,81,73,87,68,94,83,87,101,98,115,101,110,121,112,104,135,125,111,136,143,106,117,138,104,140,140,125,139,88,127,106,121,97,102,94,104,113,93,96,97,119,111,96,102,115,103,99,133,101,129,121,107,145,80,160,123,146,161,116,181,159,123,155,169,166,158,178,178,174,200,213,177,187,226,192,221,208,223,198,252,198,222,246,234,259,240,241,261,269,257,252,266,269,281,275,279,264,296,292,308,272,285,292,314,322,309,304,319,279,302,327,318,295,331,328,269,324,319,348,338,330,341,350,359,316,364,337,354,391,351,356,381,370,364,393,384,388,406,412,386,408,417,404,416,374,413,451,420,434,446,429,419,455,412,396,389,412,382,352,327,324,286,271,236,193,161,179,120,133,105,63,86,62,61,35,47,1,24,41,39,22,16,25,45,31,31,31,24,38,18,33,42,50,40,53,45,56,70,70,85,61,95,87,78,104,73,107,119,99,109,115,76,103,109,103,124,96,87,74,122,90,83,88,88,93,63,85,67,80,89,34,66,53,101,80,73,82,95,103,59,104,96,118,68,115,134,109,100,122,133,115,158,109,152,143,153,151,145,150,151,164,167,157,175,166,182,177,172,198,214,212,222,200,208,206,215,183,213,214,211,244,196,238,234,225,257,227,257,214,247,243,265,281,260,281,291,268,280,280,276,282,257,273,270,250,282,291,314,285,297,311,285,323,292,303,321,309,307,323,311,347,331,342,329,339,323,338,343,347,348,337,325,379,355,369,363,382,379,370,369,382,400,410,412,406,396,427,415,438,405,441,404,405,406,397,411,399,390,346,347,310,278,253,241,218,196,160,149,131,119,101,112,73,58,46,54,41,52,29,37,0,26,25,29,33];[449,449,465,440,452,475,485,471,471,488,490,510,522,500,531,502,555,559,534,560,581,561,564,604,577,606,598,609,617,639,618,621,617,666,638,667,669,676,649,659,677,676,687,698,683,723,709,713,711,740,719,746,730,725,769,759,769,783,763,774,787,786,787,804,803,805,835,854,819,854,861,853,870,869,867,889,861,839,864,860,825,769,774,696,698,628,600,529,500,436,406,360,317,286,221,225,172,183,152,146,136,109,124,105,85,96,91,111,104,122,81,107,124,101,124,128,136,159,161,163,130,178,177,176,188,201,211,216,214,244,252,228,270,258,239,233,260,229,254,252,227,258,232,235,229,238,208,214,196,187,200,202,190,207,209,202,196,193,209,182,204,224,205,208,256,221,260,242,279,272,277,290,260,307,290,295,326,332,349,334,353,363,358,364,374,371,379,391,391,392,423,415,421,415,432,443,460,451,443,480,451,483,481,481,497,483,515,527,520,513,527,532,546,562,534,554,582,564,563,593,581,575,584,591,592,625,602,624,617,625,626,643,623,646,653,651,646,663,641,667,690,671,707,666,686,694,699,708,737,725,748,740,754,729,769,771,792,797,792,819,820,789,833,822,808,819,837,831,812,818,782,736,709,663,638,575,531,486,408,386,359,321,274,235,194,151,153,131,110,85,83,59,58,48,27,62,41,36,54,25,28,34,50,43,38,72,81,69,62,88,79,117,87,135,108,133,147,136,152,147,160,165,148,175,181,168,182,185,188,172,165,161,155,169,156,138,143,138,99,139,141,130,107,122,98,131,109,140,117,121,111,141,140,155,160,166,172,160,173,177,179,189,225,214,229,231,244,235,235,220,258,262,254,285,297,293,297,325,304,292,304,318,327,316,347,349,342,347,358,359,397,370,420,371,398,393,409,430,405,441,426,416,445,459,468,466,447,461,475,491,479,505,483,517,500,505,537,515,535,541,526,537,520,551,562,549,547,554,558,586,589,565,592,599,594,606,601,653,611,625,618,632,637,639,652,671,685,652,667,689,696,707,705,732,707,738,730,728,758,761,767,802,767,766,801,787,803,791,781,788,764,752,701,676,623,573,524,490,421,396,356,292,293,240,160,187,110,101,102,44,76,34,0,41,3,13,0,15,20,2]
1735164647;2516;[269,298,272,327,306,311,311,294,345,323,325,370,351,362,383,329,361,343,364,339,329,359,300,300,328,306,305,278,346,324,315,304,299,352,300,321,297,302,332,297,308,282,294,313,345,307,318,341,353,355,330,384,339,387,365,368,382,339,398,402,394,410,389,430,423,413,432,433,493,453,457,469,438,478,466,487,467,466,514,529,487,489,513,538,541,501,533,509,536,550,507,518,497,547,543,516,533,525,563,560,553,542,528,585,566,561,588,557,571,567,564,550,555,593,605,555,599,589,610,597,626,629,603,662,626,634,640,652,663,634,664,657,636,686,678,681,680,685,689,741,704,723,695,739,713,716,702,720,704,692,654,629,568,547,501,462,455,355,391,353,339,304,289,301,273,253,288,200,252,235,211,240,177,211,184,174,197,184,217,203,180,189,213,200,234,213,191,250,247,223,212,232,221,293,237,246,256,241,287,259,273,297,243,307,292,285,242,283,276,279,271,267,233,284,290,261,236,253,277,202,268,220,234,241,206,220,224,238,224,240,189,204,228,257,230,216,223,185,281,233,239,231,212,279,249,250,292,228,295,279,254,321,262,291,290,292,307,266,327,307,280,327,290,337,351,317,367,306,365,323,353,355,347,362,338,348,345,309,394,337,368,371,384,387,378,384,405,356,422,396,368,380,402,379,405,387,418,406,421,431,432,430,420,471,398,440,469,385,478,417,444,423,433,477,451,445,461,483,491,449,490,470,483,508,471,487,493,492,497,470,499,516,499,519,530,526,539,543,549,528,524,547,528,572,570,534,590,525,577,559,555,622,535,608,566,536,525,507,500,407,378,349,281,316,244,225,206,172,168,145,121,106,125,102,117,54,57,58,42,46,43,48,53,52,45,38,35,0,50,0,41,16,14,28,46,41,71,51,43,58,48,88,56,123,96,92,100,71,131,130,120,131,95,133,111,112,103,126,119,115,109,110,80,114,102,77,75,84,124,101,81,80,79,129,80,78,84,100,138,83,112,133,84,131,143,97,170,107,181,150,154,154,172,150,172,208,177,193,229,194,229,218,243,252,243,250,271,287,290,266,266,296,300,322,277,325,344,342,361,335,343,356,344,364,377,355,352,325,397,342,375,381,372,380,368,374,395,374,415,383];[220,246,261,273,252,296,253,309,330,318,316,381,373,351,368,351,364,383,383,335,360,348,359,358,346,332,335,373,340,322,322,326,380,308,331,316,365,353,334,341,315,350,370,372,372,336,391,412,440,406,407,437,459,475,472,459,488,511,501,509,507,544,568,607,567,586,626,624,633,661,639,688,684,701,688,710,718,731,726,746,738,776,766,801,779,770,782,821,807,822,806,834,835,833,850,850,843,875,883,851,884,891,922,919,926,933,931,960,932,930,951,956,959,993,970,947,983,1015,1005,1002,1038,1021,1056,1062,1087,1058,1082,1091,1101,1105,1132,1146,1160,1151,1171,1186,1200,1215,1207,1236,1268,1239,1255,1296,1269,1299,1283,1268,1264,1211,1163,1075,1001,922,832,766,677,656,584,528,528,447,461,431,355,344,295,328,270,238,233,229,218,203,208,179,195,187,204,174,209,192,186,201,214,174,234,220,210,202,242,236,272,272,277,294,304,337,330,346,381,355,391,377,361,382,376,398,383,375,361,377,385,342,346,316,334,318,336,304,306,329,304,297,270,313,303,322,306,281,297,320,319,293,343,338,305,332,337,342,309,341,367,357,353,356,384,415,410,425,378,423,449,465,450,444,491,511,479,481,491,522,549,515,551,571,538,577,573,569,576,605,615,615,607,612,631,646,648,662,650,657,692,705,682,686,692,712,687,712,682,697,701,749,730,697,770,736,769,784,763,812,816,812,812,803,793,828,839,817,838,871,845,864,863,853,871,899,927,882,934,911,929,951,922,930,936,983,963,994,984,1003,1000,1031,1047,1009,1033,1034,1086,1080,1074,1076,1088,1094,1097,1141,1117,1142,1169,1140,1192,1169,1217,1159,1142,1135,1076,1006,939,871,773,735,639,578,483,471,438,391,387,312,304,231,228,209,171,134,119,133,104,59,21,69,61,32,26,20,14,34,11,19,19,30,28,55,0,25,31,81,68,112,87,116,130,155,139,140,169,212,186,201,215,213,211,241,200,228,235,223,215,182,223,183,191,210,170,177,179,169,184,188,185,196,184,170,184,153,205,191,205,199,198,204,214,230,234,256,237,289,316,326,282,362,354,364,337,371,379,404,423,450,443,459,499,540,474,510,539,555,597,554,600,601,623,628,613,629,651,702,696,692,736,707,751,715,759,763,743,767,788,778,798,792,810,842,819,783,802,844,850,817]
1735164718;2517;[295,289,309,299,313,302,313,308,268,309,313,307,316,322,345,359,293,319,326,332,357,359,358,335,336,367,356,371,386,351,331,372,362,352,345,390,352,354,404,370,395,372,379,397,403,376,390,372,415,368,385,420,380,394,358,390,368,359,319,296,282,271,250,239,228,224,250,218,181,194,190,171,167,137,194,145,165,140,108,165,142,164,114,150,104,126,136,140,130,150,120,154,126,135,124,157,114,124,156,97,174,146,140,156,169,147,173,164,171,142,174,165,145,178,167,167,139,192,148,130,180,164,143,151,126,172,122,140,128,132,166,147,125,123,164,135,138,97,146,120,141,145,101,163,126,163,108,159,143,159,165,196,153,133,159,152,191,174,199,146,216,190,178,173,218,203,199,181,222,203,202,198,220,225,204,250,217,232,236,252,247,261,244,246,244,267,266,260,288,265,278,275,273,285,305,272,274,250,303,257,260,309,269,293,269,303,261,298,286,285,301,325,286,303,286,319,277,288,323,311,331,301,343,301,337,337,328,295,357,335,337,342,326,330,340,329,338,380,348,364,342,368,349,359,350,356,369,347,367,325,396,371,368,360,412,392,376,357,414,374,401,383,373,418,390,401,378,390,415,424,378,436,421,397,420,452,424,413,416,451,433,416,409,365,394,340,307,337,318,270,273,215,242,240,205,187,153,182,141,166,143,170,109,95,94,143,103,82,79,103,71,57,67,39,100,39,63,64,92,78,91,62,74,73,66,97,60,98,70,80,55,113,97,87,60,130,83,91,82,100,74,68,103,87,78,49,86,71,87,67,82,50,58,21,68,76,72,22,54,45,8,50,28,24,40,44,9,42,33,31,31,6,39,8,26,29,38,46,48,16,72,56,37,55,41,60,0,69,45,57,47,74,66,81,44,72,67,32,64,87,66,62,57,83,100,64,50,75,95,91,51,65,77,59,59,77,49,107,70,93,71,108,85,94,53,120,74,91,79,53,98,81,92,79,90,87,81,70,119,85,98,100,123,98,118,109,75,139,116,94,116,148,112,117,115,128,109,121,143,148,127,118,160,135,148,150,166,126,192,151,166,154,208,169,164,165,208,182,184,199,183,198,173,193,199,226,191,214,181,232,228,210,196,213,215,189,187,216,227,206];[457,421,455,453,448,429,455,449,501,463,472,499,504,492,504,491,500,525,535,503,530,528,540,563,546,560,572,551,557,548,576,601,581,582,602,615,598,599,618,647,654,621,669,651,668,683,675,659,686,656,654,647,693,673,608,642,609,581,566,496,493,487,423,386,386,359,334,311,321,287,278,238,216,223,215,177,179,182,196,174,113,138,151,154,113,165,149,163,124,141,160,151,181,118,163,154,170,132,177,189,172,191,204,189,181,207,207,200,224,221,188,215,214,211,198,195,199,197,215,188,172,200,144,177,185,154,148,171,179,173,143,136,181,181,166,142,188,175,157,146,151,162,180,152,151,178,199,195,165,197,188,193,221,202,229,225,227,256,251,263,267,253,300,292,263,297,295,295,310,317,303,303,332,312,317,318,366,338,340,351,370,394,385,355,412,386,389,407,408,417,401,396,428,437,428,447,423,446,447,434,431,448,472,496,434,473,486,487,466,488,496,505,479,487,497,490,496,478,517,534,554,544,533,573,543,562,589,585,563,577,587,588,605,622,614,630,616,617,625,606,648,647,660,663,644,664,670,679,678,674,657,684,718,692,693,704,720,731,726,746,747,749,764,743,748,743,784,773,742,775,798,785,811,810,800,815,834,806,819,813,782,765,771,731,705,636,634,607,579,537,494,494,439,416,397,379,371,300,289,278,256,235,233,209,183,163,170,168,144,114,97,94,114,112,116,84,106,114,112,60,92,114,118,80,97,104,135,123,114,120,152,148,123,153,157,134,149,103,161,146,137,123,132,131,109,107,110,123,92,96,75,82,99,81,53,62,71,18,32,37,57,29,52,37,51,44,14,4,6,12,42,5,0,38,52,18,47,70,50,51,47,68,76,77,77,76,99,85,88,118,124,105,99,105,115,146,132,144,135,146,118,153,155,141,171,169,180,195,168,179,156,176,208,170,193,204,217,208,214,225,230,213,220,208,207,228,202,240,228,251,262,236,263,257,249,267,283,306,246,257,260,275,294,276,286,276,298,307,291,319,317,345,329,339,337,358,318,380,348,375,390,375,370,393,423,406,420,423,424,427,443,457,446,483,484,484,469,498,475,472,489,518,462,504,521,525,494,486,538,538,536,562,539,554,561,560,588,568,602,574]
1735164735;2517;[837,791,814,828,842,805,808,769,831,815,803,808,843,830,830,824,828,858,819,834,806,865,829,815,825,853,839,808,868,822,842,848,873,825,891,836,864,879,852,856,826,877,858,855,867,891,844,888,855,886,882,904,861,849,826,817,809,732,693,665,677,649,584,589,563,538,538,540,484,519,490,502,475,483,483,465,434,428,483,424,433,458,491,431,437,437,476,446,465,446,471,451,490,435,499,485,457,478,465,505,475,502,500,510,475,521,503,499,488,499,494,463,544,473,525,487,519,489,488,473,472,470,457,458,435,466,454,444,434,444,454,438,393,450,448,445,415,408,457,431,445,434,464,432,436,454,428,432,444,452,426,455,455,464,460,470,469,463,449,452,489,491,485,496,504,499,501,484,503,505,522,462,535,513,514,547,479,525,513,538,541,553,537,535,514,549,555,537,542,520,547,549,563,520,560,548,564,527,595,542,571,535,560,550,560,560,581,597,527,556,574,604,552,568,557,585,589,561,601,551,615,561,601,583,580,594,576,599,590,613,592,601,566,651,612,589,600,630,592,620,663,649,644,651,610,622,578,592,559,539,480,451,449,393,414,387,421,341,347,328,317,300,302,318,254,302,286,272,216,283,232,250,228,272,241,281,241,249,245,244,262,241,256,253,266,220,265,273,258,278,260,274,259,261,282,305,280,266,299,310,296,272,316,281,319,270,272,252,304,259,263,241,283,248,242,234,217,273,216,246,179,235,206,229,204,218,222,239,215,209,236,193,218,199,225,219,219,226,243,227,213,241,228,253,213,245,216,252,236,251,244,268,234,240,267,241,291,244,261,245,267,280,271,259,251,287,250,272,273,322,255,288,288,306,289,276,302,326,307,295,291,302,299,283,279,293,342,308,288,301,308,299,304,306,305,337,305,314,302,359,316,320,323,337,324,310,320,346,344,318,320,317,364,329,318,300,345,325,342,369,349,351,361,372,372,359,379,395,364,365,413,394,373,381,379,417,388,388,391,425,390,380,369,381,328,288,263,233,254,193,184,171,169,146,141,128,151,95,131,90,64,68,59,61,66,93,56,41,5,57,34,13,23,6,41,44,18,0,70,32,44,53,73,36,37,77,40,59,67,57,44,94,62,83,66,92,83,77,61,80];[1142,1130,1142,1157,1163,1138,1177,1185,1178,1204,1185,1208,1218,1209,1222,1240,1234,1212,1212,1218,1243,1239,1242,1220,1213,1245,1254,1220,1235,1274,1261,1278,1269,1294,1275,1258,1298,1302,1303,1291,1275,1294,1315,1349,1317,1327,1368,1340,1338,1365,1367,1388,1330,1349,1285,1249,1176,1123,1048,990,938,879,873,823,780,781,715,720,707,687,612,652,624,581,583,583,559,556,558,543,561,553,568,564,599,560,588,575,553,596,599,573,592,596,613,581,613,648,635,620,620,623,669,666,669,677,667,680,676,675,703,685,696,682,671,678,660,647,676,628,612,625,617,626,632,624,591,583,582,576,550,579,582,552,542,551,543,566,547,538,533,568,577,574,585,556,589,581,575,580,608,610,577,603,606,643,648,644,625,671,652,641,670,684,674,683,680,692,715,710,715,727,729,737,735,733,770,753,727,738,754,776,779,773,780,755,795,786,794,816,805,791,817,846,819,823,825,851,854,816,819,857,828,859,825,834,861,865,835,869,859,894,872,854,880,873,871,878,856,880,885,902,897,925,944,909,904,945,968,950,911,958,975,946,978,956,998,1000,1014,983,994,1017,1034,1033,1035,1018,992,922,858,813,782,736,693,652,600,568,548,502,495,455,452,429,393,350,366,385,316,304,337,299,274,301,312,297,263,254,289,297,297,285,298,333,293,304,322,297,330,331,323,355,322,369,344,363,371,381,392,414,379,415,404,387,386,402,395,390,395,396,373,356,348,354,366,335,313,340,346,319,277,290,317,308,272,282,267,276,274,237,283,271,268,261,260,303,268,296,283,290,293,303,302,304,315,297,302,314,339,340,363,330,359,381,363,378,365,377,388,369,401,423,399,397,430,422,439,421,389,458,438,450,446,456,435,478,467,473,457,482,459,477,449,461,504,484,492,484,500,510,517,510,525,520,484,488,497,521,509,524,531,536,533,525,528,523,575,555,570,553,588,564,588,580,562,574,565,597,600,596,595,583,605,591,608,621,605,666,654,641,663,657,674,681,678,685,699,708,690,740,725,720,698,694,674,615,565,535,494,444,416,349,328,293,290,200,194,186,167,128,135,115,118,89,57,80,54,36,36,28,23,36,35,25,0,36,44,19,75,56,36,51,53,54,44,69,36,44,60,100,68,97,117,114,121,129,154,126,161,152,121,119]
1735164753;2517;[410,401,428,428,401,430,395,453,418,429,424,427,460,431,451,421,467,427,437,417,477,439,432,420,482,465,444,448,441,463,457,471,431,479,467,499,469,481,465,451,482,464,488,480,474,506,470,484,464,470,484,478,483,466,484,495,532,489,511,496,486,491,513,522,511,520,526,520,508,516,512,532,513,515,508,492,537,534,538,564,507,530,523,565,521,553,544,579,539,560,519,572,546,557,575,593,562,548,575,593,559,552,537,530,558,552,510,503,519,471,478,409,461,408,396,385,411,385,353,355,317,340,342,345,288,312,286,286,274,301,293,295,271,325,274,307,265,304,293,322,287,320,293,288,309,336,315,331,336,343,333,362,347,342,368,362,330,330,362,345,351,340,376,361,348,360,346,330,347,307,339,315,296,285,351,319,299,272,310,300,307,299,281,288,292,278,267,314,266,299,285,318,270,311,283,313,290,286,306,328,305,311,315,306,317,315,333,332,365,297,344,331,354,353,354,321,351,353,372,354,364,381,374,391,403,365,376,379,390,366,352,395,387,393,375,391,380,407,375,392,416,438,394,382,399,429,398,422,387,432,390,432,411,444,418,418,391,416,425,424,426,407,442,439,412,406,423,430,451,401,456,415,414,426,466,443,431,448,456,426,435,435,450,424,443,425,452,460,433,449,432,445,431,429,402,412,370,364,314,327,327,291,279,214,271,200,227,208,180,179,182,146,154,106,144,118,118,82,97,96,93,83,69,50,87,63,89,58,74,84,84,107,80,93,74,98,84,123,84,110,122,111,92,104,94,121,120,122,77,122,103,110,73,107,97,71,67,67,76,67,69,43,60,68,63,53,56,46,38,51,66,35,15,15,0,45,22,39,19,33,27,16,14,88,29,42,45,67,42,31,58,84,55,52,80,79,70,70,48,82,70,77,73,49,106,58,65,74,108,76,102,91,116,88,100,95,95,92,124,103,121,83,96,126,84,103,101,121,78,106,94,123,108,108,97,123,122,134,123,113,117,135,97,116,107,138,139,107,141,112,132,113,129,128,143,142,168,136,148,134,160,113,159,139,148,153,181,135,180,162,171,168,158,163,159,173,188,169,180,183,182,192,167,189,206,222,195,225,206,238,167,211,200,209,180,236,172,191,162,188];[539,565,547,560,565,566,579,591,562,587,566,582,599,584,591,608,604,601,598,647,626,633,669,652,667,639,670,685,700,670,675,695,704,701,658,689,713,719,715,744,719,745,750,735,736,751,755,765,755,785,775,767,758,786,769,750,780,805,800,778,809,837,796,807,813,809,830,827,815,809,835,852,846,838,871,867,842,868,879,881,882,886,903,868,893,885,902,897,905,884,948,918,930,940,916,954,970,989,966,956,982,954,969,966,914,871,859,824,799,744,711,698,685,653,637,610,577,537,526,513,499,453,420,417,421,389,378,401,390,383,352,382,382,362,365,387,391,399,407,400,387,406,432,453,433,454,443,445,462,468,506,492,505,523,500,500,539,539,563,535,539,551,529,513,514,512,531,467,471,536,481,486,477,479,466,443,454,449,422,418,418,412,419,433,411,423,420,429,414,400,405,465,452,402,411,440,426,461,453,466,455,484,469,478,492,501,510,517,519,516,542,528,540,538,581,583,580,536,580,583,595,582,582,613,599,621,628,632,633,642,622,629,644,651,662,642,669,663,682,691,704,680,695,704,690,695,702,674,730,709,711,706,732,745,718,726,735,737,732,739,741,780,757,732,780,763,735,760,751,790,774,791,781,775,810,791,786,788,794,805,797,808,804,817,783,832,813,841,824,823,831,797,765,764,748,711,622,622,610,555,520,459,435,412,409,345,308,276,242,208,199,192,165,134,130,114,115,95,81,78,59,47,71,60,69,51,50,53,73,60,46,46,94,97,89,107,101,127,116,121,123,150,156,132,157,139,149,146,183,162,154,145,134,154,111,140,120,141,104,84,100,78,86,39,25,32,74,14,29,25,17,26,32,33,17,9,18,0,5,22,7,24,25,5,46,32,28,40,60,48,47,46,54,92,63,98,66,103,82,105,92,96,123,160,119,107,144,110,129,140,131,151,140,153,126,163,145,150,158,180,172,175,190,177,207,174,196,201,214,204,177,203,198,224,200,217,222,233,197,218,233,217,231,244,227,268,234,252,233,264,256,268,275,276,269,234,267,262,299,276,294,309,310,284,282,287,318,325,292,332,357,320,324,341,371,333,367,356,376,351,367,363,397,414,386,380,428,424,419,427,433,456,421,428,434,410,359,335,342,296]
1735164998;2517;[248,268,269,275,266,315,296,319,286,288,300,267,322,263,290,326,314,289,343,314,348,325,318,351,353,328,385,327,378,347,363,361,345,369,389,355,374,387,355,380,363,384,375,407,378,414,411,394,421,420,367,409,374,432,407,406,406,380,440,417,393,418,450,415,419,426,435,437,416,435,457,448,427,422,427,437,460,426,434,449,415,414,403,394,356,363,348,325,318,294,304,283,258,249,267,282,240,212,220,235,220,214,177,227,189,174,176,183,182,196,177,147,205,167,179,179,181,203,183,158,206,209,189,202,217,202,229,196,249,224,232,200,241,240,222,237,244,248,222,249,251,230,230,226,213,248,242,235,206,239,219,218,212,241,231,214,216,214,251,205,232,250,243,239,236,238,257,247,235,231,271,250,244,218,281,230,240,235,235,262,230,273,252,265,266,265,256,304,277,245,256,293,282,275,284,322,275,285,312,294,282,304,333,287,304,321,321,272,344,293,362,314,344,340,338,354,347,363,341,361,363,347,344,361,358,357,348,367,404,377,344,369,330,369,345,325,307,302,277,287,277,284,272,228,226,247,186,193,195,176,175,201,148,173,184,137,145,145,129,134,126,140,156,110,158,120,149,134,155,147,129,152,151,129,179,129,163,175,182,194,153,153,174,199,182,156,164,203,166,161,154,200,182,165,198,213,179,225,165,214,231,192,212,175,188,213,209,178,217,197,192,207,216,186,192,196,222,206,224,196,237,209,246,210,222,226,230,236,215,269,262,229,234,255,236,263,219,273,237,242,240,264,262,249,278,226,288,288,280,273,279,258,290,262,283,274,268,251,318,292,318,263,272,288,292,294,258,280,294,298,278,320,299,308,336,320,329,314,326,354,322,311,334,337,322,326,332,337,310,318,301,312,312,269,226,244,246,214,241,165,212,170,170,130,171,120,116,99,108,95,80,63,102,54,62,69,45,47,46,16,52,0,29,42,44,51,15,17,32,31,13,74,40,60,37,52,37,64,65,58,78,112,93,80,74,80,73,80,55,85,97,87,64,103,74,71,90,66,64,79,60,62,77,52,56,73,103,52,58,35,108,21,44,59,80,65,66,71,88,37,81,66,44,120,46,70,48,78,81,94,80,122,95,89,77,120,93,116,120,138];[310,286,345,310,320,331,366,352,360,406,357,387,400,365,412,408,401,411,407,442,450,427,467,466,487,454,482,510,485,509,505,510,521,517,536,536,545,515,562,563,558,613,572,578,604,586,610,602,615,647,602,624,641,652,629,654,626,652,679,638,669,688,657,694,700,678,696,692,722,697,713,739,707,749,705,722,736,733,742,723,673,697,666,644,629,607,559,559,497,491,464,464,405,417,407,395,362,379,363,323,319,303,330,290,310,253,279,299,245,265,230,261,289,256,280,268,289,271,297,287,272,295,269,313,312,282,313,307,329,335,347,328,360,338,375,345,372,369,354,350,378,405,359,346,373,393,359,326,356,368,365,338,340,319,340,366,340,336,353,322,339,354,350,376,370,402,380,357,394,381,386,412,394,410,414,380,420,418,453,422,392,424,446,462,422,461,475,465,431,461,504,474,500,507,498,503,502,499,513,548,485,513,513,573,528,546,557,560,591,550,585,603,604,583,608,615,634,598,611,610,655,614,659,634,656,635,675,643,656,684,676,668,672,632,611,598,587,583,503,512,494,457,436,425,406,375,344,340,336,293,284,267,243,258,239,247,224,239,214,215,236,219,226,181,210,225,206,232,225,199,231,224,212,249,225,230,261,246,286,270,255,298,274,288,283,291,278,295,261,279,315,286,312,276,300,311,305,289,322,290,321,272,334,315,325,304,347,324,341,305,310,330,358,346,334,336,329,321,345,345,382,370,351,371,405,388,393,415,419,407,423,419,432,421,407,406,461,461,434,478,459,440,477,470,466,508,492,490,507,505,540,510,505,533,530,506,524,567,533,543,546,551,561,554,549,554,564,568,583,585,603,588,579,615,610,622,622,633,624,659,643,622,662,637,643,639,676,656,621,650,616,625,564,519,498,481,450,421,387,397,352,321,324,286,273,235,220,193,173,152,170,125,110,123,84,68,87,53,56,55,44,18,8,0,35,34,40,0,15,10,8,23,35,61,42,62,76,71,75,71,83,90,94,82,114,117,96,133,142,97,113,131,101,120,100,97,93,127,72,96,74,110,115,73,113,108,89,80,77,102,113,68,118,105,96,102,110,111,96,110,128,117,128,131,93,150,144,168,133,189,172,181,192,198,178,221,185,199,207,223]
1735165367;2517;[480,495,454,495,502,468,469,498,491,464,461,522,470,494,485,442,509,500,485,490,515,516,510,482,543,469,528,493,510,476,499,470,521,479,493,511,517,544,492,511,511,546,500,487,464,483,448,464,432,423,390,348,355,373,292,318,303,292,240,257,205,232,165,189,161,155,144,126,124,108,173,91,134,119,164,123,105,122,145,108,148,105,108,119,132,130,127,140,118,154,135,195,149,191,132,207,184,177,201,194,192,154,194,200,187,165,165,195,164,170,147,176,154,174,155,160,159,125,150,140,153,143,123,149,170,141,128,137,180,129,145,139,181,169,153,195,192,177,166,203,191,220,193,204,186,221,196,210,242,247,249,232,242,250,223,238,271,261,255,244,278,270,251,268,279,237,279,252,296,279,275,271,281,242,319,278,273,279,317,312,289,306,281,339,302,281,324,328,301,307,332,345,318,328,343,360,343,316,344,354,357,341,363,331,358,339,347,377,369,351,352,354,401,361,360,383,379,395,378,427,420,392,402,404,428,402,421,397,444,405,428,442,413,439,406,446,451,412,437,411,386,361,370,327,319,323,265,290,226,225,197,213,149,205,128,146,118,104,95,76,62,82,43,27,54,12,43,7,0,30,5,19,36,15,51,14,50,1,44,58,33,47,54,28,88,41,79,62,88,49,87,78,82,97,91,93,93,106,66,88,114,99,62,101,48,89,54,68,78,96,39,95,41,66,43,76,43,52,69,83,63,51,76,49,58,72,64,111,98,79,111,82,124,65,118,99,135,102,85,86,138,113,113,162,120,164,137,188,157,199,166,171,191,216,199,220,187,186,196,198,205,230,215,241,217,264,217,269,234,278,227,247,216,250,226,240,222,265,228,242,268,249,271,244,260,289,279,282,304,262,316,285,308,271,291,277,294,269,341,307,323,346,333,337,340,336,342,380,341,348,343,366,364,352,342,362,379,382,360,408,368,402,416,425,444,393,421,399,455,413,430,405,430,456,440,458,502,442,498,500,478,452,460,483,428,426,379,374,329,374,314,283,271,276,255,231,218,243,191,186,180,148,170,126,137,116,172,116,106,102,131,126,99,99,130,85,107,92,149,119,111,132,143,144,149,148,118,171,186,145,188,202,191,179,152,222,185,194,185,211];[923,932,972,941,930,935,968,923,951,957,943,949,978,940,952,987,977,970,1007,1012,999,963,977,1037,1011,987,975,1037,999,1003,1025,1052,1030,1014,1058,1040,1031,1063,1081,1065,1084,1074,1025,1029,1020,1000,907,904,871,856,786,782,722,670,604,574,580,524,469,427,414,360,330,291,294,270,222,190,185,187,162,139,163,146,167,148,170,157,178,164,166,167,201,179,204,193,203,222,232,222,250,263,270,296,285,299,296,306,318,334,315,305,317,327,313,321,313,309,310,303,295,285,254,296,275,276,268,252,239,253,267,247,223,246,264,243,272,276,274,262,303,287,297,303,309,313,312,342,327,366,351,396,353,400,421,453,421,434,444,467,428,457,477,515,444,473,505,511,532,546,508,537,544,553,555,574,597,572,570,620,617,584,619,620,632,600,627,632,654,639,654,660,681,657,681,651,681,693,709,682,701,722,710,705,728,749,745,750,762,769,773,769,777,812,779,765,780,800,815,820,805,837,837,843,848,854,842,863,923,896,921,901,893,960,954,921,951,971,973,951,979,986,983,1000,1015,1002,978,960,944,925,925,850,819,783,762,680,655,593,577,554,451,434,409,364,297,291,247,219,167,176,142,98,109,59,37,59,40,27,0,28,26,35,29,35,46,51,65,60,71,54,109,112,95,86,115,147,135,140,176,162,185,201,214,212,230,216,197,203,243,198,197,196,214,200,173,192,207,181,155,152,176,151,147,160,139,163,146,135,152,155,142,167,164,196,139,199,214,198,195,213,225,247,252,253,248,285,293,279,288,322,317,320,333,347,337,406,366,403,436,446,403,467,475,455,470,488,508,510,477,529,535,557,520,544,566,553,580,596,593,581,588,595,591,620,619,622,610,623,593,639,643,674,660,666,693,681,718,676,710,734,678,686,715,724,760,749,715,747,768,789,771,800,807,833,796,826,851,842,858,867,865,897,864,866,916,887,919,912,965,947,974,978,959,991,1014,1000,998,1045,1042,1060,1054,1055,1067,1063,1089,1082,1101,1086,1138,1120,1151,1123,1068,1056,1051,1007,976,884,910,829,810,767,723,695,634,601,555,517,516,457,440,412,370,335,349,327,304,302,254,298,270,265,269,276,300,255,297,276,325,315,299,326,344,325,322,366,402,383,381,422,411,446,457,446,485,473,474,508,492,509]
1735165441;2517;[72,55,33,81,55,47,93,90,115,66,110,127,135,71,134,87,130,101,132,113,140,141,120,122,132,119,176,117,162,140,162,144,155,140,171,179,173,150,172,172,164,195,136,192,220,203,172,227,182,222,174,221,214,189,204,211,204,222,228,238,210,204,251,238,228,212,233,270,235,222,221,252,256,258,272,287,279,252,288,293,319,283,309,273,330,260,271,252,245,195,193,131,157,136,98,106,66,105,71,92,64,61,52,0,11,61,44,2,27,35,17,54,33,48,26,55,50,75,87,25,76,52,52,53,96,27,109,77,59,80,109,97,106,142,96,137,136,151,125,166,126,131,109,154,129,155,95,129,91,128,109,112,103,107,98,112,93,76,102,122,84,93,86,124,80,101,72,134,109,104,87,108,114,91,128,99,152,97,148,116,160,119,129,148,165,162,173,146,206,184,154,175,182,182,177,196,190,202,175,228,174,229,222,216,240,252,240,210,203,230,232,227,232,248,235,218,227,243,245,249,231,241,290,235,262,230,264,256,241,241,282,241,261,233,265,251,260,284,268,311,268,283,273,290,275,277,292,317,271,270,295,291,307,275,303,314,300,300,335,310,330,340,316,317,357,314,337,340,355,310,327,268,302,233,234,214,216,163,148,157,133,129,96,74,114,92,85,60,58,62,68,46,23,88,61,56,62,92,66,83,46,54,38,59,82,81,38,78,78,88,57,92,89,129,87,129,148,100,127,116,102,115,173,129,117,107,160,120,142,132,131,148,120,133,133,118,110,99,111,97,81,111,103,112,77,99,72,112,85,102,67,120,107,65,79,133,93,104,86,98,116,81,79,94,116,107,116,124,135,125,154,149,132,114,158,159,162,131,151,123,169,174,164,164,214,182,175,193,234,194,181,229,227,221,228,192,240,225,208,233,236,234,243,263,229,275,261,257,274,301,259,285,252,293,267,265,253,254,322,266,269,314,321,290,301,285,332,287,335,310,311,302,334,314,336,290,307,324,345,321,322,322,338,326,360,364,340,340,338,355,299,375,321,348,359,394,345,365,338,382,353,323,312,305,252,197,203,192,153,127,129,115,114,74,90,98,74,62,94,44,79,48,54,63,84,51,65,20,94,40,34,52,86,47,104,60,98,87,95,103];[32,24,10,43,69,29,54,65,93,81,84,91,102,99,109,156,99,138,139,166,160,174,153,184,208,197,221,231,212,235,253,228,237,276,286,279,294,273,303,267,298,289,348,334,334,355,371,365,318,401,399,399,422,415,403,437,414,407,438,429,444,434,438,486,465,494,465,484,468,467,496,500,538,516,525,539,552,572,540,584,588,577,569,599,585,559,537,497,479,406,364,329,288,282,216,196,199,158,96,109,84,80,66,73,68,54,18,42,30,29,0,16,36,62,42,44,52,41,57,61,52,60,99,73,82,109,131,122,161,143,176,176,182,184,245,220,245,248,277,262,269,267,282,285,265,236,278,241,246,237,234,251,234,217,204,223,227,216,184,182,192,212,168,206,209,206,214,223,202,238,256,242,252,209,252,262,251,240,256,297,293,293,311,316,349,357,373,393,350,392,411,384,397,425,390,426,447,458,439,422,491,479,469,494,500,504,506,519,527,517,503,528,550,532,552,516,564,574,551,579,564,608,594,609,586,609,636,586,615,620,591,592,590,642,606,619,614,607,628,647,635,671,652,686,648,687,696,656,673,693,701,691,702,713,703,742,699,710,718,758,733,756,770,780,784,774,773,776,801,792,756,750,704,609,629,579,494,449,433,403,361,323,310,302,273,279,281,227,238,241,228,193,235,225,202,217,205,208,179,204,228,236,182,191,194,242,216,246,266,234,272,280,284,292,319,324,334,348,378,353,391,391,371,378,394,401,400,369,360,407,379,376,360,394,385,341,361,355,343,352,319,321,323,327,286,301,291,319,293,293,318,327,311,331,330,325,320,331,349,349,347,387,351,392,366,408,372,410,391,413,404,426,445,452,452,461,490,496,495,522,495,510,524,579,549,554,526,592,582,562,606,610,607,620,620,623,640,616,647,650,663,653,650,687,690,711,714,704,707,712,762,733,746,754,718,768,786,752,776,788,781,788,815,824,792,817,826,812,825,841,849,816,840,848,855,837,839,858,899,883,897,906,912,897,908,902,930,939,922,934,947,950,936,955,992,1022,965,1020,1031,983,957,905,854,787,722,666,612,584,562,506,489,465,444,433,410,378,372,376,327,349,360,325,323,316,324,321,322,333,327,294,332,314,348,310,314,361,368,353,352,371]
1735165459;2516;[681,709,719,696,702,677,694,712,729,694,719,706,689,682,662,650,602,583,485,463,415,347,338,305,259,292,257,237,249,214,219,205,204,188,233,175,193,226,151,220,205,187,223,219,237,191,207,240,199,249,200,260,223,237,251,220,227,264,255,262,304,283,275,307,317,271,341,289,357,300,308,299,336,313,306,288,277,306,254,287,269,267,268,251,268,259,233,233,238,207,244,222,231,202,256,210,240,210,249,206,252,246,232,246,250,255,234,296,267,272,294,326,310,281,306,305,331,284,325,336,323,305,311,339,385,316,374,345,345,364,368,373,371,385,384,376,379,426,407,420,392,431,403,408,399,397,448,425,400,402,438,409,408,427,441,413,443,455,425,455,456,454,453,442,466,444,466,473,449,448,451,498,462,461,501,494,532,512,530,477,532,548,538,528,543,514,539,559,539,586,534,554,548,568,575,582,604,621,582,587,609,614,657,595,614,587,618,593,573,517,554,464,426,364,329,317,253,264,208,257,173,166,140,201,129,129,134,159,84,100,116,138,111,121,111,81,148,127,117,112,122,82,119,102,156,128,130,143,138,133,125,131,143,170,122,143,167,194,160,175,173,158,202,199,202,193,211,167,202,179,196,155,174,139,167,135,164,124,147,147,120,96,122,133,110,104,146,110,158,65,91,121,116,127,98,109,107,126,128,139,151,147,189,144,162,184,178,154,183,173,220,149,194,191,212,193,214,227,227,274,243,249,232,289,247,265,261,259,277,260,265,251,298,260,287,272,308,281,295,277,266,339,299,295,290,348,270,333,303,338,330,298,319,333,319,311,318,321,362,313,324,349,362,349,391,333,383,347,344,371,353,405,358,403,387,421,392,405,383,410,387,405,401,409,409,394,434,424,416,434,455,424,465,463,464,468,511,462,491,522,475,509,475,452,464,435,386,390,362,320,284,231,204,183,156,148,129,101,127,87,69,52,92,74,35,43,81,55,50,41,69,52,42,54,20,61,25,54,58,83,65,39,64,90,66,31,69,66,84,39,113,88,79,69,118,103,129,93,98,84,110,118,84,103,96,113,87,116,103,84,81,94,80,66,39,59,18,53,50,23,22,0,49,38,31,12,64,60,42,52,70,50,71,57,47,46,63,46,51,119];[1130,1121,1161,1173,1193,1181,1200,1223,1227,1230,1195,1191,1190,1160,1084,1025,944,898,774,686,605,529,455,428,378,340,320,292,271,271,259,218,214,210,202,196,163,163,217,193,184,200,198,222,175,216,203,231,191,201,220,219,230,230,241,274,280,271,299,341,336,355,353,369,407,376,390,406,432,427,428,399,392,376,345,382,355,349,320,310,316,305,283,299,282,301,298,276,242,293,257,262,265,272,246,245,246,267,263,278,274,262,297,309,291,307,330,351,365,356,387,387,384,383,404,411,420,401,426,423,441,429,483,483,496,510,522,520,570,522,569,569,549,600,589,590,601,585,629,622,653,635,672,611,656,652,640,625,695,660,682,623,653,678,687,711,683,708,721,738,721,724,762,752,758,782,786,792,784,768,789,796,803,794,841,847,862,873,868,908,891,889,894,915,924,915,934,935,963,961,973,990,1004,1032,1004,1061,1054,1067,1081,1069,1096,1128,1099,1135,1138,1142,1117,1090,1094,1029,948,819,736,685,573,517,463,421,368,329,302,289,263,227,189,192,148,150,110,134,114,101,112,105,93,96,85,70,76,95,99,97,93,103,98,98,104,110,121,136,129,153,154,155,125,169,183,181,206,223,210,227,205,217,236,222,249,244,238,221,218,201,176,174,157,165,136,124,122,136,125,105,125,108,113,120,113,112,117,85,134,95,115,131,94,132,129,138,118,145,144,165,204,188,200,204,229,228,229,247,242,248,251,279,290,294,304,339,342,348,375,384,410,399,412,424,411,435,440,445,446,459,435,463,456,485,469,495,496,506,510,521,505,549,529,531,516,526,552,554,522,526,539,573,569,585,575,581,596,572,609,605,647,627,616,632,653,626,652,653,666,666,691,700,704,742,714,721,765,755,753,760,774,788,766,801,793,768,817,785,848,882,840,854,874,907,904,912,917,928,955,960,897,941,906,867,768,730,655,558,485,444,397,341,314,279,232,224,191,166,162,132,98,89,95,49,61,28,41,26,15,26,43,8,35,17,0,18,6,15,23,22,33,31,67,50,45,78,85,67,82,83,120,89,127,129,143,149,150,142,164,131,146,125,113,158,102,115,103,122,60,68,65,77,75,36,27,44,18,7,42,37,12,27,6,48,9,22,17,64,61,71,56,81,95,68,105,78,88,108]
1735165535;2518;[438,437,391,469,418,411,425,413,404,393,438,398,396,377,426,396,427,350,435,386,391,373,379,358,399,378,381,369,413,355,387,399,407,392,395,394,425,409,395,430,422,426,422,407,397,416,400,427,432,424,429,465,417,495,417,458,448,478,441,458,434,474,429,473,447,455,433,433,461,484,473,447,479,465,479,471,478,432,468,452,446,420,468,442,442,423,491,447,462,460,497,492,479,446,517,500,470,472,467,467,460,480,488,485,480,470,486,515,490,526,486,513,514,503,540,539,497,515,479,545,518,501,536,514,551,504,517,494,555,516,556,533,522,540,560,530,566,566,567,571,562,555,571,544,595,583,600,578,575,604,582,580,595,616,571,610,620,623,565,573,547,540,496,456,420,405,395,362,326,352,282,313,293,243,297,250,238,243,282,251,268,208,269,229,230,252,280,241,229,233,285,232,233,288,262,262,264,285,289,266,258,305,282,311,289,303,296,314,292,294,303,336,302,292,298,331,284,280,273,318,266,285,237,280,243,230,260,217,213,233,228,198,216,221,213,238,249,241,249,242,261,244,235,228,261,226,238,238,254,217,236,253,285,237,229,277,244,285,252,290,250,284,227,271,236,260,240,242,244,257,229,262,234,244,290,270,269,269,252,258,278,276,270,265,287,238,294,262,249,271,293,266,287,265,292,282,264,257,310,261,297,302,288,259,291,289,300,304,266,316,287,282,273,309,278,339,302,289,282,329,293,303,320,341,315,318,283,351,342,343,304,337,340,341,342,333,333,319,339,331,365,365,374,345,374,338,378,329,390,350,364,388,416,393,368,341,408,398,398,386,401,407,402,396,440,398,403,401,361,344,325,289,278,276,235,215,170,167,146,150,73,125,90,76,26,91,49,47,19,62,24,17,44,60,18,51,8,36,38,35,0,78,10,56,43,66,12,66,11,26,51,32,70,54,61,57,69,84,92,83,86,69,109,73,79,62,84,62,69,67,88,52,44,27,59,26,33,69,11,34,48,55,23,35,13,17,1,48,21,31,35,71,6,31,46,42,19,46,53,37,62,36,58,48,89,50,72,61,87,67,65,68,109,92,107,92,118,79,94,88,128,102,100,106,111,100,96,92,148,116,117,147,115,138,152,148,127,163,148,140];[324,311,341,317,330,333,307,326,288,286,255,290,266,246,249,273,264,233,246,262,260,261,291,291,261,243,300,289,275,246,289,293,295,309,316,322,315,359,339,343,361,371,370,374,410,381,385,400,376,417,387,401,441,441,448,457,465,450,455,481,498,455,460,474,497,505,496,465,481,513,505,516,515,506,540,521,523,546,540,507,527,560,533,507,549,535,543,562,550,567,558,568,589,598,580,595,610,605,615,603,612,595,609,625,604,621,654,654,617,655,687,658,662,673,677,719,708,725,697,722,727,700,721,735,728,733,752,775,764,736,781,782,824,756,768,785,810,813,813,830,844,854,865,887,881,854,878,905,918,898,906,930,937,911,932,923,925,939,924,881,838,778,736,662,604,508,465,440,424,375,346,319,308,296,271,239,263,250,225,171,206,233,215,210,198,208,183,203,214,231,214,228,228,235,250,266,260,239,287,305,297,277,329,325,333,326,357,349,316,383,364,351,369,364,364,340,355,335,364,318,310,304,318,300,301,245,252,282,248,230,229,256,254,222,244,221,246,223,225,259,245,239,266,276,265,247,259,288,270,279,282,287,310,313,300,310,332,353,301,325,367,357,336,358,378,351,370,388,375,394,390,393,389,385,405,416,411,409,445,402,424,410,462,382,433,433,418,438,464,445,447,455,481,482,474,452,479,494,466,466,473,455,515,475,482,478,501,515,504,479,518,506,521,553,543,535,558,567,555,556,532,530,583,578,569,564,602,607,610,637,645,640,640,629,653,637,653,640,646,656,669,643,690,693,682,690,718,712,730,730,744,734,754,751,760,757,754,764,767,789,772,784,803,814,819,823,810,798,796,770,668,662,594,526,438,403,379,318,281,269,243,200,171,153,145,106,93,98,91,61,37,49,26,14,36,0,13,16,6,49,60,30,14,14,24,39,55,50,56,74,64,57,70,87,129,106,116,129,166,144,144,156,156,176,151,171,133,158,108,127,100,114,101,129,115,97,105,63,99,61,38,42,81,76,65,77,73,54,24,30,75,77,73,92,86,107,104,110,142,128,103,130,135,145,135,152,180,142,161,176,179,191,204,182,199,243,233,214,259,272,248,253,287,269,271,257,298,286,302,288,302,318,336,356,331,313,347,351,389,356]
